,state,pct_black,hispanic,pct_free,reduced,Country1,Country2,local_exp,federal_exp,LP ID,URL,Product Name,Provider/Company Name,Sector(s),Primary Essential Function
0,5.0,0.0,-1.6094379124341003,0.0,0.34121621621621584,-58858165002496.625,0.0,9.546812608597396,9.680344001221918,13117.0,https://www.splashmath.com,SplashLearn,StudyPad Inc.,PreK-12,LC - Digital Learning Platforms
1,23.0,0.3738619093632396,-1.0794783340815637,0.23918918918918894,0.4391891891891895,-33572868438855.062,0.005100200071153044,9.347889107988692,9.50855994973075,66933.0,https://abcmouse.com,ABCmouse.com,"Age of Learning, Inc ",PreK-12,LC - Digital Learning Platforms
2,19.0,0.0,-1.6094379124341003,0.2,0.4,-58858165002496.625,0.0,9.00401726795742,9.218814897329217,50479.0,https://www.abcya.com,ABCya!,"ABCya.com, LLC",PreK-12,"LC - Sites, Resources & Reference - Games & Simulations"
3,23.0,0.3738619093632396,-1.0794783340815637,0.23918918918918894,0.4391891891891895,-33572868438855.062,0.005100200071153044,9.347889107988692,9.50855994973075,92993.0,http://www.aleks.com/,ALEKS,McGraw-Hill PreK-12,PreK-12; Higher Ed,LC - Digital Learning Platforms
4,23.0,0.3738619093632396,-1.0794783340815637,0.23918918918918894,0.4391891891891895,-33572868438855.062,0.005100200071153044,9.347889107988692,9.50855994973075,73104.0,https://www.achieve3000.com/,Achieve3000,Achieve3000,PreK-12,LC - Digital Learning Platforms
5,22.0,0.0,-1.6094379124341003,0.0,0.34121621621621584,-58858165002496.625,0.0,9.210340371976184,9.392661928770137,37600.0,http://www.activelylearn.com/,Actively Learn,Actively Learn,PreK-12,LC - Digital Learning Platforms
6,19.0,0.0,-1.6094379124341003,0.4,0.49797297297297366,-58858165002496.625,0.0,9.00401726795742,9.218814897329217,18663.0,http://www.adaptedmind.com,AdaptedMind,GloWorld,PreK-12,LC - Digital Learning Platforms
7,14.0,0.4472135954999579,-0.916290731874155,0.2,0.4,-58858165002496.625,0.0,9.00401726795742,9.218814897329217,65131.0,http://www.amplify.com/,Amplify,"Amplify Education, Inc.",PreK-12,LC - Courseware & Textbooks
8,19.0,0.0,-1.6094379124341003,0.2,0.4,-58858165002496.625,0.0,9.00401726795742,9.218814897329217,26491.0,http://www.answers.com/,Answers,Answers,PreK-12; Higher Ed,LC - Study Tools - Q&A
9,14.0,0.6324555320336759,-0.5108256237659907,0.6,0.49797297297297366,-58858165002496.625,0.0,9.00401726795742,9.218814897329217,56441.0,http://www.audible.com,Audible,"Amazon.com, Inc. ",PreK-12; Higher Ed; Corporate,"LC - Sites, Resources & Reference - Streaming Services"
10,10.0,0.0,-1.6094379124341003,0.0,0.34121621621621584,-33572868438855.062,0.005100200071153044,9.210340371976184,9.392661928770137,89802.0,http://bartleby.com/,Bartleby,Bartleby,PreK-12; Higher Ed,LC - Study Tools
11,21.0,0.6324555320336759,-0.5108256237659907,0.4,0.49797297297297366,-58858165002496.625,0.0,9.392661928770137,9.546812608597396,72703.0,http://betterlesson.com/,Better Lesson,BetterLesson,PreK-12; Higher Ed,CM - Teacher Resources - Professional Learning
12,2.0,0.0,-1.6094379124341003,0.0,0.34121621621621584,-58858165002496.625,0.0,9.347889107988692,9.50855994973075,76889.0,https://www.blackboard.com/,Blackboard,Blackboard Inc,PreK-12; Higher Ed,SDO - Learning Management Systems (LMS)
13,7.0,0.0,-1.6094379124341003,0.23918918918918894,0.4391891891891895,-33572868438855.062,0.005100200071153044,9.554212212007455,9.682406981171667,49563.0,https://bookcreator.com/,Book Creator,"Tools for Schools, Inc. (Book Creator)",PreK-12,LC - Content Creation & Curation
14,13.0,0.0,-1.6094379124341003,0.2,0.4,-33572868438855.062,0.005100200071153044,9.554212212007455,9.682406981171667,55589.0,http://www.brainpop.com/,BrainPOP,BrainPOP LLC,PreK-12,LC - Digital Learning Platforms
15,19.0,0.4472135954999579,-0.916290731874155,0.2,0.4,-58858165002496.625,0.0,9.00401726795742,9.218814897329217,84652.0,http://www.ck12.org,CK-12,CK-12 Foundation,PreK-12,LC - Digital Learning Platforms
16,6.0,0.8944271909999159,0.0,0.8,0.49797297297297366,-58858165002496.625,0.0,9.00401726795742,9.218814897329217,16633.0,http://www.cnn.com/cnn10,CNN Student News,Cable News Network,PreK-12; Higher Ed; Corporate,"LC - Sites, Resources & Reference"
17,23.0,0.3738619093632396,-1.0794783340815637,0.23918918918918894,0.4391891891891895,-33572868438855.062,0.005100200071153044,9.347889107988692,9.50855994973075,47364.0,https://www.canvas.net/,Canvas,"Instructure, Inc. ",PreK-12; Higher Ed; Corporate,LC - Online Course Providers & Technical Skills Development
18,5.0,0.0,-1.6094379124341003,0.0,0.34121621621621584,-58858165002496.625,0.0,9.392661928770137,9.546812608597396,50104.0,http://www.chegg.com/,Chegg,Chegg,PreK-12; Higher Ed,LC - Study Tools
19,23.0,0.3738619093632396,-1.0794783340815637,0.23918918918918894,0.4391891891891895,-33572868438855.062,0.005100200071153044,9.347889107988692,9.50855994973075,47267.0,http://www.classdojo.com/,ClassDojo,"ClassDojo, Inc.",PreK-12,CM - Classroom Engagement & Instruction - Communication & Messaging
20,5.0,0.0,-1.6094379124341003,0.0,0.34121621621621584,-58858165002496.625,0.0,9.210340371976184,9.392661928770137,76649.0,https://clever.com/,Clever,Clever,PreK-12,SDO - School Management Software - SSO
21,19.0,0.0,-1.6094379124341003,0.4,0.49797297297297366,-58858165002496.625,0.0,9.210340371976184,9.392661928770137,96116.0,http://www.cliffsnotes.com,CliffsNotes,Houghton Mifflin Harcourt,PreK-12; Higher Ed,LC - Study Tools
22,2.0,0.4472135954999579,-0.916290731874155,0.4,0.49797297297297366,-58858165002496.625,0.0,9.347889107988692,9.50855994973075,85975.0,http://www.code.org,Code.org,Code.org,PreK-12,LC - Digital Learning Platforms
23,23.0,0.3738619093632396,-1.0794783340815637,0.23918918918918894,0.4391891891891895,-33572868438855.062,0.005100200071153044,9.347889107988692,9.50855994973075,94158.0,http://www.coolmath.com,CoolMath,Constructive Media,PreK-12,"LC - Sites, Resources & Reference"
24,5.0,0.8944271909999159,0.0,0.8,0.49797297297297366,-58858165002496.625,0.0,9.392661928770137,9.546812608597396,64947.0,http://www.desmos.com,Desmos,Desmos,PreK-12; Higher Ed,LC - Study Tools
25,23.0,0.3738619093632396,-1.0794783340815637,0.23918918918918894,0.4391891891891895,-33572868438855.062,0.005100200071153044,9.347889107988692,9.50855994973075,15225.0,http://www.merriam-webster.com/,Dictionary - Merriam-Webster,Merriam-Webster,PreK-12; Higher Ed; Corporate,"LC - Sites, Resources & Reference - Thesaurus & Dictionary"
26,20.0,0.0,-1.6094379124341003,0.2,0.4,-58858165002496.625,0.0,9.210340371976184,9.392661928770137,14168.0,http://dictionary.com,Dictionary.com,Dictionary.com,PreK-12; Higher Ed; Corporate,"LC - Sites, Resources & Reference - Thesaurus & Dictionary"
27,10.0,0.0,-1.6094379124341003,0.2,0.4,-58858165002496.625,0.0,9.210340371976184,9.392661928770137,28633.0,http://www.discoveryeducation.com/,Discovery Education,Discovery Communications,PreK-12,LC - Digital Learning Platforms
28,7.0,0.0,-1.6094379124341003,0.23918918918918894,0.4391891891891895,-58858165002496.625,0.0,9.546812608597396,9.680344001221918,71279.0,http://www.dreambox.com/,DreamBox,Dreambox Learning,PreK-12,LC - Digital Learning Platforms
29,23.0,0.3738619093632396,-1.0794783340815637,0.23918918918918894,0.4391891891891895,-33572868438855.062,0.005100200071153044,9.347889107988692,9.50855994973075,98001.0,http://www.dropbox.com,Dropbox,Dropbox,PreK-12; Higher Ed; Corporate,LC/CM/SDO - Other
30,23.0,0.3738619093632396,-1.0794783340815637,0.23918918918918894,0.4391891891891895,-33572868438855.062,0.005100200071153044,9.347889107988692,9.50855994973075,43491.0,http://duolingo.com/,Duolingo,Duolingo,PreK-12; Higher Ed; Corporate,LC - Digital Learning Platforms
31,23.0,0.3738619093632396,-1.0794783340815637,0.23918918918918894,0.4391891891891895,-33572868438855.062,0.005100200071153044,9.347889107988692,9.50855994973075,35971.0,http://www.edpuzzle.com/,Edpuzzle,EDpuzzle Inc.,PreK-12,LC - Digital Learning Platforms
32,23.0,0.3738619093632396,-1.0794783340815637,0.23918918918918894,0.4391891891891895,-33572868438855.062,0.005100200071153044,9.347889107988692,9.50855994973075,50712.0,http://earthquake.usgs.gov/learn/kids/,Earthquakes for Kids,US Geological Survey,PreK-12,"LC - Sites, Resources & Reference"
33,21.0,0.0,-1.6094379124341003,0.0,0.34121621621621584,-58858165002496.625,0.0,9.546812608597396,9.680344001221918,57724.0,http://www.easybib.com/,EasyBib,Imagine Easy Solutions,PreK-12; Higher Ed,LC - Study Tools
34,5.0,0.0,-1.6094379124341003,0.0,0.34121621621621584,-58858165002496.625,0.0,9.210340371976184,9.392661928770137,95253.0,http://www.edgenuity.com/,Edgenuity,Edgenuity Inc.,PreK-12; Higher Ed; Corporate,LC - Digital Learning Platforms
35,2.0,0.7745966692414834,-0.2231435513142097,0.2,0.4,-58858165002496.625,0.0,9.347889107988692,9.50855994973075,56695.0,http://ellevationeducation.com/,Ellevation,Ellevation,PreK-12,"SDO - Data, Analytics & Reporting"
36,19.0,0.0,-1.6094379124341003,0.0,0.34121621621621584,-58858165002496.625,0.0,9.00401726795742,9.218814897329217,54430.0,http://www.britannica.com/,Encyclopedia Britannica,"Encyclopaedia Britannica, Inc.",PreK-12; Higher Ed; Corporate,"LC - Sites, Resources & Reference - Encyclopedia"
37,2.0,0.0,-1.6094379124341003,0.2,0.4,-58858165002496.625,0.0,9.347889107988692,9.50855994973075,26970.0,https://www.engageny.org/,EngageNY,New York State Education Department,PreK-12,"LC - Sites, Resources & Reference"
38,2.0,0.0,-1.6094379124341003,0.0,0.34121621621621584,-58858165002496.625,0.0,9.347889107988692,9.50855994973075,98402.0,https://www.reflexmath.com/,Reflex Math,"ExploreLearning, LLC",PreK-12,LC - Digital Learning Platforms
39,7.0,0.0,-1.6094379124341003,0.23918918918918894,0.4391891891891895,-58858165002496.625,0.0,9.554212212007455,9.682406981171667,13983.0,http://www.facebook.com/,Facebook,Facebook,PreK-12; Higher Ed; Corporate,LC/CM/SDO - Other
40,16.0,0.0,-1.6094379124341003,0.0,0.34121621621621584,-33572868438855.062,0.005100200071153044,9.347889107988692,9.50855994973075,19044.0,https://fligprid.com,Flipgrid,Flipgrid,PreK-12,LC - Content Creation & Curation
41,19.0,0.0,-1.6094379124341003,0.4,0.49797297297297366,-58858165002496.625,0.0,9.210340371976184,9.392661928770137,16753.0,http://www.flocabulary.com/,Flocabulary,Flocabulary,PreK-12; Higher Ed,LC - Digital Learning Platforms
42,2.0,0.4472135954999579,-0.916290731874155,0.2,0.4,-58858165002496.625,0.0,9.347889107988692,9.50855994973075,83076.0,http://www.geogebra.org,GeoGebra,GeoGebra,PreK-12,LC - Study Tools
43,23.0,0.3738619093632396,-1.0794783340815637,0.23918918918918894,0.4391891891891895,-33572868438855.062,0.005100200071153044,9.347889107988692,9.50855994973075,23927.0,https://goguardian.com/,GoGuardian,GoGuardian,PreK-12,CM - Classroom Engagement & Instruction - Classroom Management
44,12.0,0.0,-1.6094379124341003,0.0,0.34121621621621584,-58858165002496.625,0.0,9.554212212007455,9.682406981171667,86703.0,https://www.gonoodle.com/,GoNoodle,HealthTeacher,PreK-12,CM - Classroom Engagement & Instruction - Classroom Management
45,19.0,0.4472135954999579,-0.916290731874155,0.2,0.4,-58858165002496.625,0.0,9.00401726795742,9.218814897329217,77698.0,http://www.goodreads.com,Goodreads,Goodreads,PreK-12; Higher Ed,"LC - Sites, Resources & Reference - Digital Collection & Repository"
46,23.0,0.3738619093632396,-1.0794783340815637,0.23918918918918894,0.4391891891891895,-33572868438855.062,0.005100200071153044,9.347889107988692,9.50855994973075,72713.0,http://www.google.com/books,Google Books,Google LLC,PreK-12; Higher Ed; Corporate,"LC - Sites, Resources & Reference"
47,1.0,0.6324555320336759,-0.5108256237659907,0.2,0.4,-58858165002496.625,0.0,9.347889107988692,9.50855994973075,30851.0,https://www.google.com/chrome/,Google Chrome,Google LLC,PreK-12; Higher Ed; Corporate,LC/CM/SDO - Other
48,2.0,0.0,-1.6094379124341003,0.2,0.4,-58858165002496.625,0.0,9.347889107988692,9.50855994973075,95731.0,http://docs.google.com/,Google Docs,Google LLC,PreK-12; Higher Ed; Corporate,LC - Content Creation & Curation
49,3.0,0.8944271909999159,0.0,0.23918918918918894,0.4391891891891895,-58858165002496.625,0.0,9.554212212007455,9.682406981171667,99916.0,https://drive.google.com/start,Google Drive,Google LLC,PreK-12; Higher Ed; Corporate,LC/CM/SDO - Other
50,5.0,0.7745966692414834,-0.2231435513142097,0.6,0.49797297297297366,-58858165002496.625,0.0,9.210340371976184,9.392661928770137,11206.0,http://www.google.com/earth/,Google Earth,Google LLC,PreK-12; Higher Ed; Corporate,"LC - Sites, Resources & Reference"
51,13.0,0.0,-1.6094379124341003,0.2,0.4,-58858165002496.625,0.0,9.554212212007455,9.682406981171667,33185.0,http://www.google.com/forms/about/,Google Forms,Google LLC,PreK-12; Higher Ed; Corporate,CM - Classroom Engagement & Instruction - Assessment & Classroom Response
52,9.0,0.6324555320336759,-0.5108256237659907,0.6,0.49797297297297366,-58858165002496.625,0.0,9.546812608597396,9.680344001221918,48333.0,https://hangouts.google.com/,Google Hangouts,Google LLC,PreK-12; Higher Ed; Corporate,CM - Virtual Classroom - Video Conferencing & Screen Sharing
53,2.0,0.0,-1.6094379124341003,0.4,0.49797297297297366,-58858165002496.625,0.0,9.347889107988692,9.50855994973075,69827.0,http://sites.google.com/,Google Sites,Google LLC,PreK-12; Higher Ed; Corporate,"SDO - Data, Analytics & Reporting - Site Hosting & Data Warehousing"
54,5.0,0.7745966692414834,-0.2231435513142097,0.4,0.49797297297297366,-58858165002496.625,0.0,9.392661928770137,9.546812608597396,16406.0,http://translate.google.com/,Google Translate,Google LLC,PreK-12; Higher Ed; Corporate,LC - Study Tools
55,19.0,0.0,-1.6094379124341003,0.0,0.34121621621621584,-58858165002496.625,0.0,9.00401726795742,9.218814897329217,21917.0,https://voice.google.com,Google Voice,Google LLC,PreK-12; Higher Ed; Corporate,CM - Classroom Engagement & Instruction - Communication & Messaging
56,5.0,0.4472135954999579,-0.916290731874155,0.0,0.34121621621621584,-58858165002496.625,0.0,9.392661928770137,9.546812608597396,52448.0,http://plus.google.com/,Google Currents,Google LLC,PreK-12; Higher Ed; Corporate,CM - Classroom Engagement & Instruction - Communication & Messaging
57,10.0,0.0,-1.6094379124341003,0.2,0.4,-58858165002496.625,0.0,9.00401726795742,9.218814897329217,51340.0,https://www.grammarly.com/,Grammarly,Grammarly,PreK-12; Higher Ed; Corporate,LC - Study Tools
58,5.0,0.0,-1.6094379124341003,0.2,0.4,-58858165002496.625,0.0,9.554212212007455,9.682406981171667,95767.0,http://hapara.com/,Hapara,Hapara,PreK-12,CM - Classroom Engagement & Instruction - Classroom Management
59,2.0,0.7745966692414834,-0.2231435513142097,0.4,0.49797297297297366,-58858165002496.625,0.0,9.347889107988692,9.50855994973075,33624.0,http://www.howstuffworks.com/,HowStuffWorks,HowStuffWorks,PreK-12; Higher Ed,"LC - Sites, Resources & Reference"
60,7.0,0.0,-1.6094379124341003,0.23918918918918894,0.4391891891891895,-58858165002496.625,0.0,9.554212212007455,9.682406981171667,80616.0,https://www.ixl.com/math/,IXL Math,IXL Learning,PreK-12,LC - Digital Learning Platforms
61,2.0,0.0,-1.6094379124341003,0.2,0.4,-58858165002496.625,0.0,9.347889107988692,9.50855994973075,,,,,,
62,16.0,0.0,-1.6094379124341003,0.0,0.34121621621621584,-58858165002496.625,0.0,9.347889107988692,9.50855994973075,35007.0,http://www.imaginelearning.com/,Imagine Learning,Imagine Learning,PreK-12,LC - Digital Learning Platforms
63,3.0,0.6324555320336759,-0.5108256237659907,0.23918918918918894,0.4391891891891895,-58858165002496.625,0.0,9.554212212007455,9.682406981171667,72784.0,http://www.infinitecampus.com/,Infinite Campus,Infinite Campus,PreK-12,"SDO - Data, Analytics & Reporting - Student Information Systems (SIS)"
64,2.0,0.0,-1.6094379124341003,0.0,0.34121621621621584,-58858165002496.625,0.0,9.347889107988692,9.50855994973075,18904.0,http://www.instructables.com/,Instructables," Autodesk, Inc",PreK-12,"LC - Sites, Resources & Reference"
65,6.0,0.4472135954999579,-0.916290731874155,0.6,0.49797297297297366,-58858165002496.625,0.0,9.00401726795742,9.218814897329217,50762.0,http://archive.org/,Internet Archive,The Internet Archive,PreK-12; Higher Ed; Corporate,"LC - Sites, Resources & Reference - Digital Collection & Repository"
66,19.0,0.4472135954999579,-0.916290731874155,0.4,0.49797297297297366,-58858165002496.625,0.0,9.00401726795742,9.218814897329217,59257.0,http://www.issuu.com,Issuu,Issuu,PreK-12; Higher Ed; Corporate,LC - Content Creation & Curation
67,1.0,0.0,-1.6094379124341003,0.0,0.34121621621621584,-58858165002496.625,0.0,9.347889107988692,9.50855994973075,26881.0,http://www.istation.com,iStation,Istation,PreK-12,LC - Digital Learning Platforms
68,0.0,0.8944271909999159,0.0,0.23918918918918894,0.4391891891891895,-58858165002496.625,0.0,9.347889107988692,9.50855994973075,84217.0,http://blogs.kqed.org/education/e-books/,KQED E-books,KQED,PreK-12; Higher Ed,"LC - Sites, Resources & Reference - Digital Collection & Repository"
69,18.0,0.7745966692414834,-0.2231435513142097,0.4,0.49797297297297366,-58858165002496.625,0.0,9.00401726795742,9.218814897329217,24711.0,https://kahoot.it,Kahoot!,Kahoot! AS,PreK-12; Higher Ed; Corporate,LC - Study Tools
70,23.0,0.3738619093632396,-1.0794783340815637,0.23918918918918894,0.4391891891891895,-33572868438855.062,0.005100200071153044,9.347889107988692,9.50855994973075,29322.0,http://www.khanacademy.org,Khan Academy,Khan Academy,PreK-12; Higher Ed,LC - Digital Learning Platforms
71,5.0,0.6324555320336759,-0.5108256237659907,0.4,0.49797297297297366,-58858165002496.625,0.0,9.392661928770137,9.546812608597396,52175.0,http://www.washingtonpost.com/lifestyle/kidspost,The Washington Post KidsPost,Washington Post,PreK-12,"LC - Sites, Resources & Reference"
72,1.0,0.7745966692414834,-0.2231435513142097,0.4,0.49797297297297366,-58858165002496.625,0.0,9.347889107988692,9.50855994973075,30025.0,http://www.learnzillion.com/,LearnZillion,LearnZillion,PreK-12,LC - Courseware & Textbooks
73,23.0,0.3738619093632396,-1.0794783340815637,0.23918918918918894,0.4391891891891895,-33572868438855.062,0.005100200071153044,9.347889107988692,9.50855994973075,29921.0,http://www.learninga-z.com/index.html,Learning A-Z,Learning A-Z,PreK-12,LC - Courseware & Textbooks
74,23.0,0.3738619093632396,-1.0794783340815637,0.23918918918918894,0.4391891891891895,-33572868438855.062,0.005100200071153044,9.347889107988692,9.50855994973075,25559.0,http://www.lexialearning.com/,Lexia Core5 Reading,Lexia Learning,PreK-12,LC - Digital Learning Platforms
75,23.0,0.3738619093632396,-1.0794783340815637,0.23918918918918894,0.4391891891891895,-33572868438855.062,0.005100200071153044,9.347889107988692,9.50855994973075,10650.0,http://www.loc.gov,Library of Congress,Library of Congress,PreK-12; Higher Ed; Corporate,"LC - Sites, Resources & Reference"
76,23.0,0.3738619093632396,-1.0794783340815637,0.23918918918918894,0.4391891891891895,-33572868438855.062,0.005100200071153044,9.347889107988692,9.50855994973075,41587.0,http://www.linkedin.com,LinkedIn,LinkedIn,PreK-12; Higher Ed; Corporate,LC - Career Planning & Job Search
77,13.0,0.0,-1.6094379124341003,0.2,0.4,-33572868438855.062,0.005100200071153044,9.546812608597396,9.680344001221918,36102.0,https://littlealchemy.com/,Little Alchemy,Jakub Koziol,PreK-12,"LC - Sites, Resources & Reference - Games & Simulations"
78,5.0,0.4472135954999579,-0.916290731874155,0.8,0.49797297297297366,-58858165002496.625,0.0,9.210340371976184,9.392661928770137,94954.0,https://www.masteryconnect.com/,MasteryConnect,MasteryConnect,PreK-12,LC - Digital Learning Platforms
79,19.0,0.0,-1.6094379124341003,0.4,0.49797297297297366,-58858165002496.625,0.0,9.00401726795742,9.218814897329217,92867.0,http://www.mathplayground.com,Math Playground,Math Playground,PreK-12,"LC - Sites, Resources & Reference - Games & Simulations"
80,18.0,0.6324555320336759,-0.5108256237659907,0.4,0.49797297297297366,-58858165002496.625,0.0,9.00401726795742,9.218814897329217,57949.0,https://mathway.com/mobile,Mathway,Mathway,PreK-12; Higher Ed,LC - Study Tools
81,23.0,0.3738619093632396,-1.0794783340815637,0.23918918918918894,0.4391891891891895,-33572868438855.062,0.005100200071153044,9.347889107988692,9.50855994973075,81127.0,http://spaceplace.nasa.gov,NASA's Space Place,NASA,PreK-12,"LC - Sites, Resources & Reference"
82,21.0,0.0,-1.6094379124341003,0.2,0.4,-58858165002496.625,0.0,9.392661928770137,9.546812608597396,16468.0,http://www.archives.gov/,National Archives,United States National Archives,PreK-12; Higher Ed,"LC - Sites, Resources & Reference - Digital Collection & Repository"
83,1.0,0.0,-1.6094379124341003,0.0,0.34121621621621584,-58858165002496.625,0.0,9.347889107988692,9.50855994973075,55031.0,https://nearpod.com/,Nearpod,Nearpod Inc.,PreK-12,LC - Digital Learning Platforms
84,14.0,0.6324555320336759,-0.5108256237659907,0.6,0.49797297297297366,-58858165002496.625,0.0,9.210340371976184,9.392661928770137,97280.0,http://www.newsela.com,Newsela,Newsela,PreK-12,LC - Digital Learning Platforms
85,19.0,0.0,-1.6094379124341003,0.2,0.4,-58858165002496.625,0.0,9.00401726795742,9.218814897329217,62934.0,http://www.noredink.com/,NoRedInk,NoRedInk,PreK-12,LC - Digital Learning Platforms
86,7.0,0.0,-1.6094379124341003,0.23918918918918894,0.4391891891891895,-58858165002496.625,0.0,9.546812608597396,9.680344001221918,19181.0,http://noodletools.com/,NoodleTools,NoodleTools,PreK-12; Higher Ed,LC - Study Tools
87,2.0,0.0,-1.6094379124341003,0.2,0.4,-33572868438855.062,0.005100200071153044,9.347889107988692,9.50855994973075,26372.0,https://www.overdrive.com/,OverDrive Education,OverDrive,PreK-12; Higher Ed,"LC - Sites, Resources & Reference - Digital Collection & Repository"
88,23.0,0.3738619093632396,-1.0794783340815637,0.23918918918918894,0.4391891891891895,-33572868438855.062,0.005100200071153044,9.347889107988692,9.50855994973075,51853.0,http://pbskids.org/,PBS Kids,PBS,PreK-12,"LC - Sites, Resources & Reference - Games & Simulations"
89,22.0,0.0,-1.6094379124341003,0.2,0.4,-58858165002496.625,0.0,9.210340371976184,9.392661928770137,86575.0,http://www.pbslearningmedia.org/,PBS LearningMedia,PBS,PreK-12,LC - Digital Learning Platforms
90,5.0,0.4472135954999579,-0.916290731874155,0.2,0.4,-58858165002496.625,0.0,9.554212212007455,9.682406981171667,73101.0,http://padlet.com/,Padlet,Padlet,PreK-12; Higher Ed; Corporate,LC - Content Creation & Curation
91,2.0,0.4472135954999579,-0.916290731874155,0.4,0.49797297297297366,-58858165002496.625,0.0,9.347889107988692,9.50855994973075,44853.0,https://www.panoramaed.com/,Panorama Education,Panorama Education,PreK-12,SDO - Human Resources
92,23.0,0.3738619093632396,-1.0794783340815637,0.23918918918918894,0.4391891891891895,-33572868438855.062,0.005100200071153044,9.347889107988692,9.50855994973075,90440.0,https://www.pebblego.com/login.php,PebbleGo,Capstone,PreK-12,LC - Digital Learning Platforms
93,17.0,0.0,-1.6094379124341003,0.23918918918918894,0.4391891891891895,-58858165002496.625,0.0,9.00401726795742,9.218814897329217,37017.0,https://pixlr.com/,Pixlr,Pixlr,PreK-12; Higher Ed; Corporate,LC - Content Creation & Curation
94,2.0,0.0,-1.6094379124341003,0.0,0.34121621621621584,-58858165002496.625,0.0,9.347889107988692,9.50855994973075,92871.0,https://www.powerschool.com/,PowerSchool,PowerSchool Group LLC,PreK-12; Higher Ed; Corporate,"SDO - Data, Analytics & Reporting - Student Information Systems (SIS)"
95,19.0,0.0,-1.6094379124341003,0.0,0.34121621621621584,-58858165002496.625,0.0,9.00401726795742,9.218814897329217,65358.0,http://www.prezi.com,Prezi,Prezi Inc.,PreK-12; Higher Ed; Corporate,LC - Content Creation & Curation
96,23.0,0.3738619093632396,-1.0794783340815637,0.23918918918918894,0.4391891891891895,-33572868438855.062,0.005100200071153044,9.347889107988692,9.50855994973075,64948.0,https://prodigygame.com/,Prodigy,SMARTeacher Inc.,PreK-12,"LC - Sites, Resources & Reference - Games & Simulations"
97,16.0,0.0,-1.6094379124341003,0.0,0.34121621621621584,-58858165002496.625,0.0,9.347889107988692,9.50855994973075,49570.0,http://www.ptable.com/,Ptable,Michael Dayah,PreK-12; Higher Ed,"LC - Sites, Resources & Reference"
98,19.0,0.0,-1.6094379124341003,0.2,0.4,-58858165002496.625,0.0,9.00401726795742,9.218814897329217,23483.0,http://owl.english.purdue.edu/,Purdue Online Writing Lab,Online Writing Lab,PreK-12; Higher Ed,"LC - Sites, Resources & Reference"
99,16.0,0.0,-1.6094379124341003,0.0,0.34121621621621584,-33572868438855.062,0.005100200071153044,9.347889107988692,9.50855994973075,49062.0,http://www.quia.com/web,Quia Web,IXL Learning,PreK-12,LC - Digital Learning Platforms
100,23.0,0.3738619093632396,-1.0794783340815637,0.23918918918918894,0.4391891891891895,-33572868438855.062,0.005100200071153044,9.347889107988692,9.50855994973075,20594.0,http://www.quill.org/,Quill,Quill.org,PreK-12,LC - Study Tools
101,23.0,0.3738619093632396,-1.0794783340815637,0.23918918918918894,0.4391891891891895,-33572868438855.062,0.005100200071153044,9.347889107988692,9.50855994973075,98265.0,http://quizlet.com/,Quizlet,Quizlet,PreK-12,LC - Study Tools
102,1.0,0.4472135954999579,-0.916290731874155,0.0,0.34121621621621584,-58858165002496.625,0.0,9.347889107988692,9.50855994973075,80144.0,https://www.quora.com/,Quora,Quora,PreK-12; Higher Ed; Corporate,LC - Study Tools - Q&A
103,23.0,0.3738619093632396,-1.0794783340815637,0.23918918918918894,0.4391891891891895,-33572868438855.062,0.005100200071153044,9.347889107988692,9.50855994973075,83862.0,http://www.raz-kids.com/,Raz-Kids,Learning A-Z,PreK-12,LC - Digital Learning Platforms
104,4.0,0.6324555320336759,-0.5108256237659907,0.4,0.49797297297297366,-58858165002496.625,0.0,9.00401726795742,9.218814897329217,64915.0,http://www.readworks.org/,ReadWorks,ReadWorks,PreK-12,LC - Digital Learning Platforms
105,20.0,0.0,-1.6094379124341003,0.4,0.49797297297297366,-58858165002496.625,0.0,9.210340371976184,9.392661928770137,55355.0,http://www.readwritethink.org/,ReadWriteThink,ReadWriteThink.org,PreK-12,"LC - Sites, Resources & Reference"
106,23.0,0.3738619093632396,-1.0794783340815637,0.23918918918918894,0.4391891891891895,-33572868438855.062,0.005100200071153044,9.347889107988692,9.50855994973075,84007.0,http://www.readinga-z.com,Reading A-Z,Learning A-Z,PreK-12,LC - Courseware & Textbooks
107,23.0,0.3738619093632396,-1.0794783340815637,0.23918918918918894,0.4391891891891895,-33572868438855.062,0.005100200071153044,9.347889107988692,9.50855994973075,95859.0,http://remind.com/,Remind,Remind101,PreK-12,CM - Classroom Engagement & Instruction - Communication & Messaging
108,16.0,0.6324555320336759,-0.5108256237659907,0.23918918918918894,0.4391891891891895,-58858165002496.625,0.0,9.347889107988692,9.50855994973075,64998.0,http://web.stmath.com/,ST Math,MIND Research Institute,PreK-12,LC - Digital Learning Platforms
109,19.0,0.0,-1.6094379124341003,0.2,0.4,-58858165002496.625,0.0,9.00401726795742,9.218814897329217,56218.0,http://www.schoolloop.com/,School Loop,School Loop,PreK-12,"SDO - Data, Analytics & Reporting - Site Hosting & Data Warehousing"
110,23.0,0.3738619093632396,-1.0794783340815637,0.23918918918918894,0.4391891891891895,-33572868438855.062,0.005100200071153044,9.347889107988692,9.50855994973075,49094.0,http://www.schooltube.com/,SchoolTube,SchoolTube,PreK-12; Higher Ed,CM - Classroom Engagement & Instruction - Classroom Management
111,2.0,0.7745966692414834,-0.2231435513142097,0.2,0.4,-58858165002496.625,0.0,9.347889107988692,9.50855994973075,54550.0,http://www.schoolnet.com/,Schoolnet,Savvas Learning Company | Formerly Pearson K12 Learning,PreK-12,LC - Digital Learning Platforms
112,16.0,0.0,-1.6094379124341003,0.2,0.4,-58858165002496.625,0.0,9.347889107988692,9.50855994973075,20069.0,http://www.schoology.com/,Schoology,Schoology,PreK-12,SDO - Learning Management Systems (LMS)
113,10.0,0.0,-1.6094379124341003,0.4,0.49797297297297366,-58858165002496.625,0.0,9.00401726795742,9.218814897329217,93256.0,http://www.nature.com/scitable,Scitable,"Nature America, Inc",PreK-12; Higher Ed,"LC - Sites, Resources & Reference - Digital Collection & Repository"
114,5.0,0.0,-1.6094379124341003,0.0,0.34121621621621584,-58858165002496.625,0.0,9.546812608597396,9.680344001221918,71805.0,http://scratch.mit.edu/,Scratch,MIT Media Lab,PreK-12,LC - Content Creation & Curation
115,6.0,0.0,-1.6094379124341003,0.4,0.49797297297297366,-58858165002496.625,0.0,9.00401726795742,9.218814897329217,50580.0,http://securly.com/,Securly Anywhere Filter,Securly Inc ,PreK-12,SDO - School Management Software - Mobile Device Management
116,5.0,0.0,-1.6094379124341003,0.0,0.34121621621621584,-58858165002496.625,0.0,9.392661928770137,9.546812608597396,56028.0,http://www.shmoop.com,Shmoop,"Shmoop University, Inc",PreK-12,LC - Study Tools
117,20.0,0.7745966692414834,-0.2231435513142097,0.6,0.49797297297297366,-33572868438855.062,0.005100200071153044,9.210340371976184,9.392661928770137,12803.0,http://www.slideshare.net/,SlideShare,LinkedIn,PreK-12; Higher Ed,"LC - Sites, Resources & Reference"
118,2.0,0.6324555320336759,-0.5108256237659907,0.4,0.49797297297297366,-58858165002496.625,0.0,9.347889107988692,9.50855994973075,30593.0,http://www.socrative.com/,Socrative,Showbie Inc ,PreK-12,LC - Digital Learning Platforms
119,15.0,0.0,-1.6094379124341003,0.0,0.34121621621621584,0.0,0.01275050017788261,9.347889107988692,9.50855994973075,54827.0,http://www.soundcloud.com,SoundCloud,SoundCloud,PreK-12; Higher Ed; Corporate,"LC - Sites, Resources & Reference - Streaming Services"
120,7.0,0.0,-1.6094379124341003,0.23918918918918894,0.4391891891891895,-33572868438855.062,0.005100200071153044,9.554212212007455,9.682406981171667,85072.0,http://www.space.com/,Space.com,Purch,PreK-12; Higher Ed,"LC - Sites, Resources & Reference"
121,13.0,0.0,-1.6094379124341003,0.2,0.4,-58858165002496.625,0.0,9.554212212007455,9.682406981171667,49751.0,http://www.sparknotes.com,SparkNotes,SparkNotes,PreK-12; Higher Ed,LC - Study Tools
122,21.0,0.6324555320336759,-0.5108256237659907,0.6,0.49797297297297366,-58858165002496.625,0.0,9.546812608597396,9.680344001221918,55450.0,https://apps.apple.com/us/app/spotify-music-and-podcasts/id324684580?ign-mpt=uo%3D4,Spotify: Music and podcasts,Spotify Ltd,PreK-12; Higher Ed; Corporate,"LC - Sites, Resources & Reference - Streaming Services"
123,19.0,0.0,-1.6094379124341003,0.2,0.4,-58858165002496.625,0.0,9.00401726795742,9.218814897329217,64838.0,http://www.starfall.com/,Starfall,Starfall Education,PreK-12,"LC - Sites, Resources & Reference - Games & Simulations"
124,13.0,0.0,-1.6094379124341003,0.2,0.4,-58858165002496.625,0.0,9.554212212007455,9.682406981171667,39841.0,http://studyjams.scholastic.com,StudyJams!,Scholastic Inc,PreK-12,"LC - Sites, Resources & Reference"
125,23.0,0.3738619093632396,-1.0794783340815637,0.23918918918918894,0.4391891891891895,-33572868438855.062,0.005100200071153044,9.347889107988692,9.50855994973075,58986.0,http://www.tolerance.org/,Learning for Justice,Southern Poverty Law Center,PreK-12,"LC - Sites, Resources & Reference"
126,19.0,0.0,-1.6094379124341003,0.4,0.49797297297297366,-58858165002496.625,0.0,9.00401726795742,9.218814897329217,94264.0,http://www.physicsclassroom.com/,The Physics Classroom,"Physics Classroom, LLC",PreK-12; Higher Ed,"LC - Sites, Resources & Reference"
127,7.0,0.0,-1.6094379124341003,0.23918918918918894,0.4391891891891895,-58858165002496.625,0.0,9.554212212007455,9.682406981171667,86059.0,http://thesaurus.com/,Thesaurus.com,Dictionary.com,PreK-12; Higher Ed; Corporate,"LC - Sites, Resources & Reference - Thesaurus & Dictionary"
128,13.0,0.0,-1.6094379124341003,0.4,0.49797297297297366,-58858165002496.625,0.0,9.554212212007455,9.682406981171667,78586.0,http://www.thinglink.com,ThingLink,ThingLink,PreK-12; Higher Ed; Corporate,LC - Content Creation & Curation
129,2.0,0.0,-1.6094379124341003,0.4,0.49797297297297366,-58858165002496.625,0.0,9.347889107988692,9.50855994973075,14124.0,http://www.tumblr.com/,Tumblr,Tumblr ,PreK-12; Higher Ed,LC/CM/SDO - Other
130,6.0,0.0,-1.6094379124341003,0.4,0.49797297297297366,-58858165002496.625,0.0,9.00401726795742,9.218814897329217,73323.0,http://turnitin.com/,Turnitin,Turnitin,PreK-12; Higher Ed,CM - Teacher Resources - Grading & Attendance
131,19.0,0.0,-1.6094379124341003,0.2,0.4,-58858165002496.625,0.0,9.00401726795742,9.218814897329217,41581.0,http://www.tynker.com/,Tynker,Neuron Fuel,PreK-12,LC - Digital Learning Platforms
132,5.0,0.0,-1.6094379124341003,0.0,0.34121621621621584,-58858165002496.625,0.0,9.392661928770137,9.546812608597396,93742.0,http://www.typingclub.com,TypingClub,TypingClub,PreK-12; Higher Ed; Corporate,LC - Digital Learning Platforms
133,23.0,0.3738619093632396,-1.0794783340815637,0.23918918918918894,0.4391891891891895,-33572868438855.062,0.005100200071153044,9.347889107988692,9.50855994973075,75451.0,http://www.ushmm.org/,United States Holocaust Memorial Museum,US Holocaust Museum,PreK-12; Higher Ed,"LC - Sites, Resources & Reference"
134,19.0,0.0,-1.6094379124341003,0.0,0.34121621621621584,-58858165002496.625,0.0,9.00401726795742,9.218814897329217,26753.0,http://vimeo.com/,Vimeo,Vimeo,PreK-12; Higher Ed; Corporate,LC - Content Creation & Curation
135,5.0,0.7745966692414834,-0.2231435513142097,0.6,0.49797297297297366,-58858165002496.625,0.0,9.392661928770137,9.546812608597396,14769.0,http://www.spellingcity.com/,Vocabulary Spelling City,VocabularySpellingCity,PreK-12,LC - Digital Learning Platforms
136,23.0,0.3738619093632396,-1.0794783340815637,0.23918918918918894,0.4391891891891895,-33572868438855.062,0.005100200071153044,9.347889107988692,9.50855994973075,94324.0,http://www.wevideo.com/education,WeVideo for Schools,"WeVideo, Inc.",PreK-12; Higher Ed; Corporate,LC - Content Creation & Curation
137,7.0,0.0,-1.6094379124341003,0.23918918918918894,0.4391891891891895,-58858165002496.625,0.0,9.554212212007455,9.682406981171667,32050.0,https://www.webex.com/,WebEx,Cisco,PreK-12; Higher Ed; Corporate,CM - Virtual Classroom - Video Conferencing & Screen Sharing
138,23.0,0.3738619093632396,-1.0794783340815637,0.23918918918918894,0.4391891891891895,-33572868438855.062,0.005100200071153044,9.347889107988692,9.50855994973075,13699.0,http://www.weebly.com,Weebly,Weebly,Corporate,"SDO - Data, Analytics & Reporting"
139,6.0,0.0,-1.6094379124341003,0.4,0.49797297297297366,-58858165002496.625,0.0,9.00401726795742,9.218814897329217,68490.0,http://commons.wikimedia.org/,Wikimedia Commons,The Wikimedia Foundation,PreK-12; Higher Ed; Corporate,"LC - Sites, Resources & Reference - Digital Collection & Repository"
140,1.0,0.8944271909999159,0.0,0.6,0.49797297297297366,-58858165002496.625,0.0,9.347889107988692,9.50855994973075,13496.0,http://www.wikipedia.org/,Wikipedia,The Wikimedia Foundation,PreK-12; Higher Ed; Corporate,"LC - Sites, Resources & Reference - Encyclopedia"
141,22.0,0.0,-1.6094379124341003,0.0,0.34121621621621584,-58858165002496.625,0.0,9.210340371976184,9.392661928770137,25793.0,http://www.wix.com/,Wix,"Wix.com, Inc",PreK-12; Higher Ed; Corporate,"SDO - Data, Analytics & Reporting - Site Hosting & Data Warehousing"
142,2.0,0.0,-1.6094379124341003,0.0,0.34121621621621584,-58858165002496.625,0.0,9.347889107988692,9.50855994973075,69429.0,http://wordpress.com/,WordPress,WordPress,PreK-12; Higher Ed; Corporate,"SDO - Data, Analytics & Reporting - Site Hosting & Data Warehousing"
143,23.0,0.3738619093632396,-1.0794783340815637,0.23918918918918894,0.4391891891891895,-33572868438855.062,0.005100200071153044,9.347889107988692,9.50855994973075,24744.0,http://worldbookonline.com/,World Book Online,"World Book, Inc",PreK-12; Higher Ed,"LC - Sites, Resources & Reference - Encyclopedia"
144,10.0,0.0,-1.6094379124341003,0.2,0.4,-58858165002496.625,0.0,9.00401726795742,9.218814897329217,11406.0,http://www.wyzant.com,WyzAnt,WyzAnt,PreK-12,LC - Study Tools - Tutoring
145,7.0,0.0,-1.6094379124341003,0.23918918918918894,0.4391891891891895,-58858165002496.625,0.0,9.554212212007455,9.682406981171667,61384.0,http://www.xtramath.org/,XtraMath,XtraMath,PreK-12,LC - Digital Learning Platforms
146,16.0,0.0,-1.6094379124341003,0.0,0.34121621621621584,-58858165002496.625,0.0,9.347889107988692,9.50855994973075,,,,,,
147,5.0,0.4472135954999579,-0.916290731874155,0.2,0.4,-58858165002496.625,0.0,9.554212212007455,9.682406981171667,61292.0,http://www.youtube.com,YouTube,Google LLC,PreK-12; Higher Ed; Corporate,"LC - Sites, Resources & Reference - Streaming Services"
148,19.0,0.0,-1.6094379124341003,0.0,0.34121621621621584,-58858165002496.625,0.0,9.00401726795742,9.218814897329217,93690.0,http://www.calculator.com,Calculator.com,Calculator.com,PreK-12; Higher Ed; Corporate,"LC - Sites, Resources & Reference"
149,23.0,0.3738619093632396,-1.0794783340815637,0.23918918918918894,0.4391891891891895,-33572868438855.062,0.005100200071153044,9.347889107988692,9.50855994973075,61441.0,http://www.i-ready.com/,i-Ready,Curriculum Associates,PreK-12,LC - Digital Learning Platforms
150,16.0,0.0,-1.6094379124341003,0.4,0.49797297297297366,-58858165002496.625,0.0,9.347889107988692,9.50855994973075,17182.0,http://www.icivics.org/,iCivics,iCivics Inc,PreK-12,"LC - Sites, Resources & Reference"
151,19.0,0.0,-1.6094379124341003,0.0,0.34121621621621584,-58858165002496.625,0.0,9.00401726795742,9.218814897329217,50724.0,https://www.myon.com/index.html,myON Reader,Renaissance Learning,PreK-12,LC - Digital Learning Platforms
152,6.0,0.8944271909999159,0.0,0.6,0.49797297297297366,-58858165002496.625,0.0,9.00401726795742,9.218814897329217,54794.0,https://www.ets.org/,MAPP,Educational Testing Service,PreK-12; Higher Ed; Corporate,SDO - Large-Scale & Standardized Testing
153,23.0,0.3738619093632396,-1.0794783340815637,0.23918918918918894,0.4391891891891895,-33572868438855.062,0.005100200071153044,9.347889107988692,9.50855994973075,63335.0,https://www.mathgames.com/,Math Games (MathGames),TeachMe,PreK-12,"LC - Sites, Resources & Reference - Games & Simulations"
154,14.0,0.4472135954999579,-0.916290731874155,0.2,0.4,-58858165002496.625,0.0,9.00401726795742,9.218814897329217,57343.0,http://goformative.com/,Formative,Formative,PreK-12,LC - Digital Learning Platforms
155,23.0,0.3738619093632396,-1.0794783340815637,0.23918918918918894,0.4391891891891895,-33572868438855.062,0.005100200071153044,9.347889107988692,9.50855994973075,40928.0,https://www.peardeck.com/,Pear Deck,Pear Deck,PreK-12,LC - Digital Learning Platforms
156,23.0,0.3738619093632396,-1.0794783340815637,0.23918918918918894,0.4391891891891895,-33572868438855.062,0.005100200071153044,9.347889107988692,9.50855994973075,58235.0,http://ed.ted.com/,TedEd,TED Conferences,PreK-12; Higher Ed,"LC - Sites, Resources & Reference"
157,2.0,0.0,-1.6094379124341003,0.0,0.34121621621621584,-58858165002496.625,0.0,9.347889107988692,9.50855994973075,32213.0,https://classroom.google.com,Google Classroom,Google LLC,PreK-12; Higher Ed; Corporate,SDO - Learning Management Systems (LMS)
158,7.0,0.4472135954999579,-0.916290731874155,0.23918918918918894,0.4391891891891895,-58858165002496.625,0.0,9.554212212007455,9.682406981171667,,,,,,
159,23.0,0.3738619093632396,-1.0794783340815637,0.23918918918918894,0.4391891891891895,-33572868438855.062,0.005100200071153044,9.347889107988692,9.50855994973075,26696.0,https://www.surveymonkey.com/,SurveyMonkey,SurveyMonkey,PreK-12; Higher Ed; Corporate,CM - Classroom Engagement & Instruction - Assessment & Classroom Response
160,7.0,0.0,-1.6094379124341003,0.23918918918918894,0.4391891891891895,-33572868438855.062,0.005100200071153044,9.554212212007455,9.682406981171667,49571.0,http://www.education.com/,Education.com,Education.com,PreK-12,"LC - Sites, Resources & Reference"
161,1.0,0.4472135954999579,-0.916290731874155,0.2,0.4,-58858165002496.625,0.0,9.347889107988692,9.50855994973075,25585.0,http://www.heinemann.com/fountasandpinnell/lli_overview.aspx,Leveled Literacy Intervention,Houghton Mifflin Harcourt,PreK-12,LC - Courseware & Textbooks
162,23.0,0.3738619093632396,-1.0794783340815637,0.23918918918918894,0.4391891891891895,-33572868438855.062,0.005100200071153044,9.347889107988692,9.50855994973075,59304.0,http://www.weareteachers.com/,WeAreTeachers,WeAreTeachers,PreK-12,CM - Teacher Resources - Lesson Planning
163,19.0,0.0,-1.6094379124341003,0.2,0.4,-58858165002496.625,0.0,9.00401726795742,9.218814897329217,78662.0,https://www.teachervision.com/,TeacherVision,Sandbox Networks,PreK-12,CM - Teacher Resources - Lesson Planning
164,23.0,0.3738619093632396,-1.0794783340815637,0.23918918918918894,0.4391891891891895,-33572868438855.062,0.005100200071153044,9.347889107988692,9.50855994973075,65277.0,https://www.teacherspayteachers.com/,TeachersPayTeachers,TEACHERSPAYTEACHERS,PreK-12,CM - Teacher Resources - Lesson Planning
165,2.0,0.0,-1.6094379124341003,0.0,0.34121621621621584,-58858165002496.625,0.0,9.347889107988692,9.50855994973075,34887.0,http://www.naviance.com/,Naviance,Hobsons,PreK-12,LC - Career Planning & Job Search
166,23.0,0.3738619093632396,-1.0794783340815637,0.23918918918918894,0.4391891891891895,-33572868438855.062,0.005100200071153044,9.347889107988692,9.50855994973075,91030.0,http://brainly.com/,Brainly,Brainly,PreK-12,LC - Study Tools - Q&A
167,23.0,0.3738619093632396,-1.0794783340815637,0.23918918918918894,0.4391891891891895,-33572868438855.062,0.005100200071153044,9.347889107988692,9.50855994973075,78063.0,https://www.classlink.com/,ClassLink,ClassLink,PreK-12; Higher Ed,SDO - School Management Software - SSO
168,23.0,0.3738619093632396,-1.0794783340815637,0.23918918918918894,0.4391891891891895,-33572868438855.062,0.005100200071153044,9.347889107988692,9.50855994973075,35237.0,http://www.sharpschool.com/,Sharp School,SharpSchool,PreK-12,"SDO - Data, Analytics & Reporting - Site Hosting & Data Warehousing"
169,5.0,0.0,-1.6094379124341003,0.4,0.49797297297297366,-58858165002496.625,0.0,9.392661928770137,9.546812608597396,37153.0,https://www.zearn.org/,Zearn,Zearn,PreK-12,LC - Digital Learning Platforms
170,1.0,0.0,-1.6094379124341003,0.0,0.34121621621621584,-58858165002496.625,0.0,9.347889107988692,9.50855994973075,67035.0,http://www.commonlit.org/,CommonLit,CommonLit,PreK-12,LC - Digital Learning Platforms
171,16.0,0.0,-1.6094379124341003,0.0,0.34121621621621584,-58858165002496.625,0.0,9.347889107988692,9.50855994973075,76229.0,http://www.readtheory.org/,Read Theory,Read Theory,PreK-12,LC - Digital Learning Platforms
172,2.0,0.0,-1.6094379124341003,0.0,0.34121621621621584,-58858165002496.625,0.0,9.347889107988692,9.50855994973075,52615.0,http://mysteryscience.com/,Mystery Science,"Mystery Science, Inc",PreK-12,"LC - Sites, Resources & Reference"
173,1.0,0.0,-1.6094379124341003,0.0,0.34121621621621584,-58858165002496.625,0.0,9.347889107988692,9.50855994973075,24120.0,http://www.edulastic.com/,Edulastic,Edulastic,PreK-12,LC - Digital Learning Platforms
174,23.0,0.3738619093632396,-1.0794783340815637,0.23918918918918894,0.4391891891891895,-33572868438855.062,0.005100200071153044,9.347889107988692,9.50855994973075,,,,,,
175,2.0,0.0,-1.6094379124341003,0.2,0.4,-58858165002496.625,0.0,9.347889107988692,9.50855994973075,55032.0,http://www.ascd.org/professional-development.aspx,ASCD Professional Development Tools,Association for Supervision and Curriculum Development,PreK-12,CM - Teacher Resources - Professional Learning
176,2.0,0.0,-1.6094379124341003,0.2,0.4,-33572868438855.062,0.005100200071153044,9.347889107988692,9.50855994973075,50692.0,https://www.schoolmessenger.com,SchoolMessenger,West Corporation,PreK-12,CM - Classroom Engagement & Instruction - Communication & Messaging
177,7.0,0.0,-1.6094379124341003,0.23918918918918894,0.4391891891891895,-58858165002496.625,0.0,9.554212212007455,9.682406981171667,73952.0,http://www.mheducation.com,McGraw-Hill Education,McGraw-Hill PreK-12,PreK-12; Higher Ed,LC - Courseware & Textbooks
178,19.0,0.4472135954999579,-0.916290731874155,0.2,0.4,-58858165002496.625,0.0,9.00401726795742,9.218814897329217,81236.0,https://www.box.com/,Box,Box,PreK-12; Higher Ed; Corporate,LC/CM/SDO - Other
179,16.0,0.0,-1.6094379124341003,0.0,0.34121621621621584,-58858165002496.625,0.0,9.347889107988692,9.50855994973075,28525.0,https://www.renaissance.com,Renaissance Learning,Renaissance Learning,PreK-12,LC - Digital Learning Platforms
180,19.0,0.4472135954999579,-0.916290731874155,0.2,0.4,-58858165002496.625,0.0,9.00401726795742,9.218814897329217,71275.0,http://wistia.com/,Wistia,Wistia,PreK-12; Higher Ed; Corporate,LC - Content Creation & Curation
181,23.0,0.3738619093632396,-1.0794783340815637,0.23918918918918894,0.4391891891891895,-33572868438855.062,0.005100200071153044,9.347889107988692,9.50855994973075,67431.0,http://www.autodesk.com,Autodesk," Autodesk, Inc",PreK-12; Higher Ed; Corporate,LC - Content Creation & Curation
182,23.0,0.3738619093632396,-1.0794783340815637,0.23918918918918894,0.4391891891891895,-33572868438855.062,0.005100200071153044,9.347889107988692,9.50855994973075,43149.0,http://contentkeeper.com/,ContentKeeper,ContentKeeper Technologies,PreK-12; Higher Ed; Corporate,SDO - School Management Software - Mobile Device Management
183,19.0,0.0,-1.6094379124341003,0.4,0.49797297297297366,-58858165002496.625,0.0,9.00401726795742,9.218814897329217,,,,,,
184,2.0,0.0,-1.6094379124341003,0.2,0.4,-58858165002496.625,0.0,9.347889107988692,9.50855994973075,57293.0,http://www.worldcampus.psu.edu,Penn State World Campus,The Pennsylvania State Universtity,PreK-12; Higher Ed,LC - Online Course Providers & Technical Skills Development
185,23.0,0.3738619093632396,-1.0794783340815637,0.23918918918918894,0.4391891891891895,-33572868438855.062,0.005100200071153044,9.347889107988692,9.50855994973075,85682.0,http://www.qualtrics.com,Qualtrics,Qualtrics,Higher Ed; Corporate,"SDO - Data, Analytics & Reporting"
186,23.0,0.3738619093632396,-1.0794783340815637,0.23918918918918894,0.4391891891891895,-33572868438855.062,0.005100200071153044,9.347889107988692,9.50855994973075,10533.0,http://www.scholastic.com,Scholastic,Scholastic Inc,PreK-12,"LC - Sites, Resources & References - Learning Materials & Supplies"
187,23.0,0.3738619093632396,-1.0794783340815637,0.23918918918918894,0.4391891891891895,-33572868438855.062,0.005100200071153044,9.347889107988692,9.50855994973075,88885.0,http://lumenlearning.com/,Lumen Learning,Lumen Learning,PreK-12; Higher Ed; Corporate,LC - Online Course Providers & Technical Skills Development
188,7.0,0.4472135954999579,-0.916290731874155,0.23918918918918894,0.4391891891891895,-58858165002496.625,0.0,9.392661928770137,9.546812608597396,29286.0,http://socratic.org,Socratic,Vespr,PreK-12; Higher Ed,LC - Study Tools - Q&A
189,23.0,0.3738619093632396,-1.0794783340815637,0.23918918918918894,0.4391891891891895,-33572868438855.062,0.005100200071153044,9.347889107988692,9.50855994973075,94058.0,https://www.coursehero.com/,Course Hero,Course Hero,PreK-12; Higher Ed,LC - Study Tools
190,23.0,0.3738619093632396,-1.0794783340815637,0.23918918918918894,0.4391891891891895,-33572868438855.062,0.005100200071153044,9.347889107988692,9.50855994973075,78818.0,http://www.enotes.com/,eNotes,Enotes.com,PreK-12; Higher Ed,LC - Study Tools - Q&A
191,19.0,0.0,-1.6094379124341003,0.4,0.49797297297297366,-58858165002496.625,0.0,9.00401726795742,9.218814897329217,48625.0,http://www.culturegrams.com/,CultureGrams,ProQuest,PreK-12; Higher Ed,"LC - Sites, Resources & Reference - Digital Collection & Repository"
192,1.0,0.6324555320336759,-0.5108256237659907,0.2,0.4,-58858165002496.625,0.0,9.347889107988692,9.50855994973075,22741.0,http://tes.com,TES, Tes Global Ltd ,PreK-12; Higher Ed,SDO - Human Resources
193,23.0,0.3738619093632396,-1.0794783340815637,0.23918918918918894,0.4391891891891895,-33572868438855.062,0.005100200071153044,9.347889107988692,9.50855994973075,61945.0,https://zoom.us/,Zoom,"ZOOM VIDEO COMMUNICATIONS, INC.",PreK-12; Higher Ed; Corporate,CM - Virtual Classroom - Video Conferencing & Screen Sharing
194,21.0,0.4472135954999579,-0.916290731874155,0.4,0.49797297297297366,-58858165002496.625,0.0,9.546812608597396,9.680344001221918,91165.0,http://www.mobymax.com/,MobyMax,MobyMax,PreK-12,LC - Digital Learning Platforms
195,16.0,0.4472135954999579,-0.916290731874155,0.2,0.4,-58858165002496.625,0.0,9.347889107988692,9.50855994973075,65797.0,https://chrome.google.com/webstore/detail/google-drawings/mkaakpdehdafacodkgkpghoibnmamcme?hl=en-US,Google Drawings,Google LLC,PreK-12; Higher Ed; Corporate,LC - Content Creation & Curation
196,6.0,0.0,-1.6094379124341003,0.4,0.49797297297297366,-58858165002496.625,0.0,9.00401726795742,9.218814897329217,76214.0,http://quizizz.com/,Quizizz,Quizizz,PreK-12; Higher Ed; Corporate,LC - Study Tools
197,10.0,0.0,-1.6094379124341003,0.2,0.4,-58858165002496.625,0.0,9.00401726795742,9.218814897329217,64850.0,https://calendly.com/,Calendly,Calendly,PreK-12; Higher Ed; Corporate,CM - Classroom Engagement & Instruction - Classroom Management
198,2.0,0.4472135954999579,-0.916290731874155,0.2,0.4,-58858165002496.625,0.0,9.347889107988692,9.50855994973075,76122.0,https://canva.com/,Canva,Canva,PreK-12; Higher Ed; Corporate,LC - Content Creation & Curation
199,23.0,0.3738619093632396,-1.0794783340815637,0.23918918918918894,0.4391891891891895,-33572868438855.062,0.005100200071153044,9.347889107988692,9.50855994973075,19334.0,http://www.enchantedlearning.com/,Enchanted Learning,Enchanted Learning,PreK-12,"LC - Sites, Resources & Reference"
200,2.0,0.0,-1.6094379124341003,0.0,0.34121621621621584,-58858165002496.625,0.0,9.347889107988692,9.50855994973075,70740.0,https://screencast-o-matic.com/,Screencast-O-Matic,Screencast-O-Matic,PreK-12; Higher Ed; Corporate,LC - Content Creation & Curation
201,12.0,0.0,-1.6094379124341003,0.0,0.34121621621621584,-58858165002496.625,0.0,9.546812608597396,9.680344001221918,39004.0,http://www.tumblebooklibrary.com,TumbleBooks,TumbleBooks,PreK-12,"LC - Sites, Resources & Reference - Digital Collection & Repository"
202,11.0,0.0,-1.6094379124341003,0.2,0.4,-58858165002496.625,0.0,9.347889107988692,9.50855994973075,72676.0,https://www.kamiapp.com/,Kami,Kami Limited,PreK-12,LC - Digital Learning Platforms
203,3.0,0.8944271909999159,0.0,0.23918918918918894,0.4391891891891895,-58858165002496.625,0.0,9.554212212007455,9.682406981171667,11585.0,https://www-k6.thinkcentral.com/ePC/start.do,Think Central,Houghton Mifflin Harcourt,PreK-12,LC - Digital Learning Platforms
204,2.0,0.0,-1.6094379124341003,0.0,0.34121621621621584,-58858165002496.625,0.0,9.347889107988692,9.50855994973075,74653.0,https://www.studiesweekly.com,Studies Weekly,Studies Weekly,PreK-12,LC - Courseware & Textbooks
205,7.0,0.0,-1.6094379124341003,0.23918918918918894,0.4391891891891895,-58858165002496.625,0.0,9.554212212007455,9.682406981171667,28456.0,http://www.smartmusic.com,SmartMusic,"MakeMusic, Inc.",PreK-12; Higher Ed,LC - Study Tools
206,19.0,0.0,-1.6094379124341003,0.0,0.34121621621621584,-58858165002496.625,0.0,9.00401726795742,9.218814897329217,60051.0,https://www.bigideasmath.com,Big Ideas Math,Big Ideas Learning,PreK-12,LC - Courseware & Textbooks
207,7.0,0.0,-1.6094379124341003,0.23918918918918894,0.4391891891891895,-58858165002496.625,0.0,9.546812608597396,9.680344001221918,46123.0,https://www.collegeboard.org/,College Board,The College Board,PreK-12,SDO - Large-Scale & Standardized Testing
208,2.0,0.0,-1.6094379124341003,0.0,0.34121621621621584,-33572868438855.062,0.005100200071153044,9.347889107988692,9.50855994973075,24342.0,https://www.ebscohost.com/academic/ap-images-collection,AP Images Collection,"EBSCO Industries, Inc",PreK-12; Higher Ed,"LC - Sites, Resources & Reference - Digital Collection & Repository"
209,7.0,0.6324555320336759,-0.5108256237659907,0.23918918918918894,0.4391891891891895,-58858165002496.625,0.0,9.546812608597396,9.680344001221918,89267.0,http://www.wiley.com,Wiley,John Wiley and Sons Inco,PreK-12; Higher Ed; Corporate,LC - Courseware & Textbooks
210,23.0,0.3738619093632396,-1.0794783340815637,0.23918918918918894,0.4391891891891895,-33572868438855.062,0.005100200071153044,9.347889107988692,9.50855994973075,,,,,,
211,2.0,0.0,-1.6094379124341003,0.0,0.34121621621621584,-33572868438855.062,0.005100200071153044,9.347889107988692,9.50855994973075,50168.0,http://www.hmhco.com,Houghton Mifflin Harcourt,Houghton Mifflin Harcourt,PreK-12; Higher Ed,LC - Courseware & Textbooks
212,7.0,0.0,-1.6094379124341003,0.23918918918918894,0.4391891891891895,-33572868438855.062,0.005100200071153044,9.554212212007455,9.682406981171667,89688.0,http://www.teachtci.com,Teach TCI,Teach TCI,PreK-12,LC - Courseware & Textbooks
213,19.0,0.0,-1.6094379124341003,0.2,0.4,-58858165002496.625,0.0,9.00401726795742,9.218814897329217,97209.0,https://spark.adobe.com,Adobe Spark,Adobe Inc.,PreK-12; Higher Ed; Corporate,LC - Content Creation & Curation
214,8.0,0.6324555320336759,-0.5108256237659907,0.6,0.49797297297297366,-58858165002496.625,0.0,9.210340371976184,9.392661928770137,79673.0,https://www.zendesk.com/,Zendesk,Zendesk,PreK-12; Higher Ed; Corporate,SDO - Human Resources
215,23.0,0.3738619093632396,-1.0794783340815637,0.23918918918918894,0.4391891891891895,-33572868438855.062,0.005100200071153044,9.347889107988692,9.50855994973075,18982.0,https://www.gotomeeting.com/,GoToMeeting,LogMeIn,PreK-12; Higher Ed; Corporate,CM - Virtual Classroom - Video Conferencing & Screen Sharing
216,23.0,0.3738619093632396,-1.0794783340815637,0.23918918918918894,0.4391891891891895,-33572868438855.062,0.005100200071153044,9.347889107988692,9.50855994973075,70167.0,https://www.microsoft.com/en-us/download/details.aspx?id=23714,Microsoft XNA Game Studio,Microsoft,PreK-12; Higher Ed; Corporate,LC - Content Creation & Curation
217,11.0,0.0,-1.6094379124341003,0.2,0.4,-58858165002496.625,0.0,9.347889107988692,9.50855994973075,49521.0,http://www.hp.com/,HP,Hewlett-Packard,PreK-12; Higher Ed; Corporate,LC/CM/SDO - Other
218,13.0,0.8944271909999159,0.0,0.8,0.49797297297297366,-58858165002496.625,0.0,9.347889107988692,9.50855994973075,21298.0,https://www.explorelearning.com/index.cfm?method=cCorp.dspAbout,ExploreLearning Gizmos,"ExploreLearning, LLC",PreK-12,LC - Digital Learning Platforms
219,7.0,0.0,-1.6094379124341003,0.23918918918918894,0.4391891891891895,-58858165002496.625,0.0,9.546812608597396,9.680344001221918,24829.0,http://www.utahcompose.com/,Utah Compose,Measurement Incorporated ,PreK-12,LC - Study Tools
220,8.0,0.6324555320336759,-0.5108256237659907,0.4,0.49797297297297366,-58858165002496.625,0.0,9.392661928770137,9.546812608597396,52196.0,https://jr.brainpop.com/,BrainPOP Jr.,BrainPOP LLC,PreK-12,LC - Digital Learning Platforms
221,2.0,0.6324555320336759,-0.5108256237659907,0.4,0.49797297297297366,-58858165002496.625,0.0,9.347889107988692,9.50855994973075,45601.0,https://www.pearsonrealize.com/#/,Savvas Realize,Savvas Learning Company | Formerly Pearson K12 Learning,PreK-12,SDO - Learning Management Systems (LMS)
222,23.0,0.3738619093632396,-1.0794783340815637,0.23918918918918894,0.4391891891891895,-33572868438855.062,0.005100200071153044,9.347889107988692,9.50855994973075,25267.0,http://www.discoveryeducation.com/what-we-offer/techbook-digital-textbooks/science/index.cfm,Discovery Education - Science TechBook,Discovery Education,PreK-12,LC - Digital Learning Platforms
223,7.0,0.0,-1.6094379124341003,0.23918918918918894,0.4391891891891895,-58858165002496.625,0.0,9.546812608597396,9.680344001221918,38871.0,https://gsuite.google.com/,Google Workspace,Google LLC,PreK-12; Higher Ed; Corporate,LC/CM/SDO - Other
224,19.0,0.0,-1.6094379124341003,0.4,0.49797297297297366,-58858165002496.625,0.0,9.210340371976184,9.392661928770137,28324.0,http://www.curriculumassociates.com/products/ready-common-core-reading.aspx#.WFG2KfkrJEY,i-Ready Reading,Curriculum Associates,PreK-12,LC - Digital Learning Platforms
225,7.0,0.0,-1.6094379124341003,0.23918918918918894,0.4391891891891895,-58858165002496.625,0.0,9.554212212007455,9.682406981171667,50129.0,https://www.curriculumassociates.com/products/i-ready,i-Ready Mathematics,Curriculum Associates,PreK-12,LC - Digital Learning Platforms
226,7.0,0.0,-1.6094379124341003,0.23918918918918894,0.4391891891891895,-58858165002496.625,0.0,9.546812608597396,9.680344001221918,11069.0,http://www.mrdonn.org/index.html,Mr. Donn,mrdonn.org,PreK-12,"LC - Sites, Resources & Reference"
227,21.0,0.4472135954999579,-0.916290731874155,0.4,0.49797297297297366,-58858165002496.625,0.0,9.392661928770137,9.546812608597396,33946.0,http://www.jstor.org/,JSTOR,ITHAKA,PreK-12; Higher Ed; Corporate,"LC - Sites, Resources & Reference - Digital Collection & Repository"
228,13.0,0.0,-1.6094379124341003,0.4,0.49797297297297366,-58858165002496.625,0.0,9.554212212007455,9.682406981171667,87342.0,http://www.litcharts.com/,LitCharts,LitCharts LLC,PreK-12; Higher Ed,LC - Study Tools
229,17.0,0.4472135954999579,-0.916290731874155,0.23918918918918894,0.4391891891891895,-58858165002496.625,0.0,9.00401726795742,9.218814897329217,80560.0,https://www.nitrotype.com/,Nitro Type,Teaching.com,PreK-12,LC - Digital Learning Platforms
230,20.0,0.0,-1.6094379124341003,0.4,0.49797297297297366,-58858165002496.625,0.0,9.392661928770137,9.546812608597396,92844.0,https://www.typing.com/,Typing.com,Teaching.com,PreK-12; Higher Ed; Corporate,LC - Digital Learning Platforms
231,1.0,0.7745966692414834,-0.2231435513142097,0.6,0.49797297297297366,-58858165002496.625,0.0,9.347889107988692,9.50855994973075,61517.0,http://www.hmhco.com/shop/education-curriculum/world-languages/spanish/avancemos,Avancemos!,Houghton Mifflin Harcourt,PreK-12,LC - Courseware & Textbooks
232,1.0,0.7745966692414834,-0.2231435513142097,0.6,0.49797297297297366,-58858165002496.625,0.0,9.347889107988692,9.50855994973075,96706.0,http://www.cengage.com/s/mindtap-course-list,MindTap,Cengage Learning,PreK-12; Higher Ed,LC - Courseware & Textbooks
233,,,,,,,,,,26533.0,https://www.screencastify.com/,Screencastify,"Screencastify, LLC",PreK-12,LC - Content Creation & Curation
234,,,,,,,,,,68019.0,https://connected.mcgraw-hill.com/connected/login.do,ConnectED,McGraw-Hill PreK-12,PreK-12,LC - Digital Learning Platforms
235,,,,,,,,,,28504.0,http://google.com/sheets/about/,Google Sheets,Google LLC,PreK-12; Higher Ed; Corporate,LC/CM/SDO - Other
236,,,,,,,,,,86775.0,http://www.wordreference.com,WordReference.com,WordReference.com,PreK-12; Higher Ed; Corporate,"LC - Sites, Resources & Reference - Thesaurus & Dictionary"
238,,,,,,,,,,36692.0,https://www.getepic.com/,Epic! - Unlimited Books for Kids,"Epic Creations, Inc.",PreK-12,LC - Digital Learning Platforms
239,,,,,,,,,,17941.0,https://www.kidsa-z.com/main/Login,Kids A-Z,Lazel Inc.,PreK-12,LC - Digital Learning Platforms
240,,,,,,,,,,78247.0,http://www.fountasandpinnell.com/,Fountas & Pinnell,"Heinemann, a division of Greenwood Publishing Group LLC",PreK-12,LC - Courseware & Textbooks
241,,,,,,,,,,29790.0,http://www.hoodamath.com/,Hooda Math,Hooda Math,PreK-12,"LC - Sites, Resources & Reference - Games & Simulations"
242,,,,,,,,,,28199.0,https://www.iheart.com/,iHeartRadio,iHeartRadio,PreK-12; Higher Ed; Corporate,"LC - Sites, Resources & Reference - Streaming Services"
243,,,,,,,,,,41675.0,http://onlinelibrary.uen.org/,onlinelibrary.uen.org,Utah Education Network,PreK-12; Higher Ed,"LC - Sites, Resources & Reference - Digital Collection & Repository"
244,,,,,,,,,,11237.0,http://www.online-stopwatch.com/,online-stopwatch.com,online-stopwatch.com,PreK-12; Higher Ed,"LC - Sites, Resources & Reference"
245,,,,,,,,,,15254.0,http://appinventor.mit.edu/explore/,MIT App Inventor,Massachusetts Institute of Technology,PreK-12; Higher Ed; Corporate,LC - Content Creation & Curation
246,,,,,,,,,,22856.0,https://www.texthelp.com/en-us/products/fluencytutor/,Fluency Tutor,"Texthelp, Inc.",PreK-12,LC - Digital Learning Platforms
247,,,,,,,,,,88925.0,https://edu.google.com/expeditions/#about,Google Expeditions,Google LLC,PreK-12; Higher Ed; Corporate,"LC - Sites, Resources & Reference - Digital Collection & Repository"
249,,,,,,,,,,60825.0,http://study.com,Study.com,Study.com,PreK-12; Higher Ed,LC - Digital Learning Platforms
250,,,,,,,,,,81654.0,https://www.tinkercad.com/,Tinkercad," Autodesk, Inc",PreK-12; Higher Ed; Corporate,LC - Content Creation & Curation
251,,,,,,,,,,42410.0,https://conjuguemos.com/,Conjuguemos,Yegros Educational LLC DBA Conjuguemos,PreK-12,LC - Digital Learning Platforms
252,,,,,,,,,,42608.0,https://www.raz-plus.com/,Raz-Plus,Learning A-Z,PreK-12,LC - Courseware & Textbooks
253,,,,,,,,,,83118.0,https://www.legendsoflearning.com,Legends of Learning,Legends of Learning,PreK-12,LC - Digital Learning Platforms
254,,,,,,,,,,84342.0,https://blindsidenetworks.com/,Blindside Networks,Blindside Networks,PreK-12; Higher Ed; Corporate,"SDO - Data, Analytics & Reporting - Site Hosting & Data Warehousing"
255,,,,,,,,,,10745.0,https://wonderopolis.org,Wonderopolis,National Center for Families Learning,PreK-12,LC - Study Tools - Q&A
256,,,,,,,,,,16164.0,https://www.nytimes.com,nytimes.com,The New York Times,PreK-12; Higher Ed; Corporate,"LC - Sites, Resources & Reference"
257,,,,,,,,,,69757.0,https://www.deltamath.com/,DeltaMath,DeltaMath,PreK-12,LC - Digital Learning Platforms
258,,,,,,,,,,80473.0,http://www.didax.com/,Didax,Didax Education,PreK-12,"LC - Sites, Resources & References - Learning Materials & Supplies"
259,,,,,,,,,,37479.0,https://www.frontlineeducation.com/,Frontline Education,Frontline Education,PreK-12,SDO - Human Resources
260,,,,,,,,,,69706.0,http://www.performancematters.com/,PoweSchool Performance Matters,Performance Matters,PreK-12,CM - Classroom Engagement & Instruction - Assessment & Classroom Response
261,,,,,,,,,,44025.0,https://www.soundtrap.com/,Soundtrap,Spotify USA Inc,PreK-12; Higher Ed; Corporate,LC - Content Creation & Curation
263,,,,,,,,,,98102.0,https://wow.boomlearning.com/search?collection=Featured,Boom Cards by Boom Learning,Boom Learning (a dba of Omega Labs Inc.),PreK-12,LC - Digital Learning Platforms
264,,,,,,,,,,26407.0,http://www.edmentum.com/products/academy,EdOptions Academy,Edmentum,PreK-12,LC - Online Course Providers & Technical Skills Development
266,,,,,,,,,,36859.0,https://www.instagram.com,Instagram,Instagram,PreK-12; Higher Ed; Corporate,LC/CM/SDO - Other
267,,,,,,,,,,72468.0,https://outlook.live.com/owa/,Microsoft Outlook,Microsoft,PreK-12; Higher Ed; Corporate,LC/CM/SDO - Other
268,,,,,,,,,,83270.0,https://artsandculture.google.com/,Google Arts & Culture,Google LLC,PreK-12; Higher Ed,"LC - Sites, Resources & Reference - Digital Collection & Repository"
269,,,,,,,,,,76661.0,https://www.worldwildlife.org,WWF ~ World Wildlife Fund,World Wildlife Fund,PreK-12; Higher Ed,"LC - Sites, Resources & Reference"
270,,,,,,,,,,13945.0,https://sched.com/,Sched,Sched LLC,PreK-12; Higher Ed; Corporate,CM - Classroom Engagement & Instruction - Classroom Management
271,,,,,,,,,,11286.0,https://abcnews.go.com/?cid=marketing_search_ABC%20News%20-%20Branded%20General%20-%20BMM,ABC News,ABC digital,PreK-12; Higher Ed; Corporate,"LC - Sites, Resources & Reference"
272,,,,,,,,,,42725.0,https://www.lexialearning.com/products/core5,myLexia,Lexia Learning,PreK-12,LC - Digital Learning Platforms
273,,,,,,,,,,26512.0,https://www.multiplication.com/,Multiplication.com,Multiplication.com,PreK-12,"LC - Sites, Resources & Reference - Games & Simulations"
274,,,,,,,,,,48708.0,http://www.storylineonline.net/,Storyline Online,SAG-AFTRA Foundation,PreK-12,"LC - Sites, Resources & Reference"
275,,,,,,,,,,46819.0,https://www.tes.com/lessons,Tes Teach, Tes Global Ltd ,PreK-12,LC - Content Creation & Curation
276,,,,,,,,,,79578.0,https://flippity.net/,Flippity,Flippity,PreK-12; Higher Ed,LC - Study Tools
277,,,,,,,,,,91873.0,https://www.breakoutedu.com/,Breakout EDU,"Breakout, Inc",PreK-12,LC - Digital Learning Platforms
278,,,,,,,,,,98468.0,https://gsuite.google.com/products/jamboard/,Jamboard,Google LLC,PreK-12; Higher Ed; Corporate,LC - Content Creation & Curation
279,,,,,,,,,,49050.0,https://www.freckle.com/,Freckle by Renaissance,"Renaissance Learning, Inc.",PreK-12,LC - Digital Learning Platforms
280,,,,,,,,,,16401.0,https://www.pbs.org/,PBS,PBS,PreK-12; Higher Ed; Corporate,"LC - Sites, Resources & Reference"
281,,,,,,,,,,50282.0,https://safeshare.tv/,SafeShare,Vitzo Ltd,PreK-12; Higher Ed,CM - Classroom Engagement & Instruction - Classroom Management
282,,,,,,,,,,52758.0,https://www.adobe.com/products/character-animator.html,Adobe Character Animator,Adobe Inc.,PreK-12; Higher Ed; Corporate,LC - Content Creation & Curation
283,,,,,,,,,,90153.0,https://www.netflix.com/,Netflix,Netflix,PreK-12; Higher Ed; Corporate,"LC - Sites, Resources & Reference - Streaming Services"
284,,,,,,,,,,77430.0,https://www.canvaslms.com/gauge/,Instructure,"Instructure, Inc. ",PreK-12; Higher Ed; Corporate,SDO - Learning Management Systems (LMS)
285,,,,,,,,,,19184.0,http://pearsoneasybridge.com/,Savvas EasyBridge,Savvas Learning Company | Formerly Pearson K12 Learning,PreK-12,"SDO - Admissions, Enrollment & Rostering"
286,,,,,,,,,,68713.0,http://www.discoveryeducation.com/what-we-offer/techbook-digital-textbooks/math/,Discovery Education Math Techbook,Discovery Education,PreK-12,LC - Courseware & Textbooks
287,,,,,,,,,,99580.0,https://loom.com/,"Loom - Video Recorder: Screen, Webcam and Mic","Loom, Inc",PreK-12; Higher Ed; Corporate,CM - Virtual Classroom - Video Conferencing & Screen Sharing
288,,,,,,,,,,96217.0,https://www.mathlearningcenter.org/,The Math Learning Center,The Math Learning Center,PreK-12,LC - Courseware & Textbooks
289,,,,,,,,,,31827.0,https://onedrive.live.com/about/en-us/,Microsoft OneDrive,Microsoft,PreK-12; Higher Ed; Corporate,LC/CM/SDO - Other
290,,,,,,,,,,41424.0,https://www.commonapp.org/,Common App,"The Common Application, Inc.",PreK-12; Higher Ed,LC - Career Planning & Job Search
291,,,,,,,,,,51288.0,https://www.eventbrite.com/,Eventbrite,Eventbrite,PreK-12; Higher Ed; Corporate,"LC - Sites, Resources & Reference"
292,,,,,,,,,,92894.0,https://www.marketwatch.com/,MarketWatch,MarketWatch,PreK-12; Higher Ed; Corporate,"LC - Sites, Resources & Reference"
294,,,,,,,,,,72758.0,https://www.google.com/calendar,Google Calendar,Google LLC,PreK-12; Higher Ed; Corporate,LC/CM/SDO - Other
295,,,,,,,,,,49687.0,https://www.snapchat.com/,Snapchat,Snap Inc.,PreK-12; Higher Ed,LC/CM/SDO - Other
296,,,,,,,,,,20619.0,https://doodle.com/,Doodle,Doodle Ltd,PreK-12; Higher Ed; Corporate,CM - Classroom Engagement & Instruction - Classroom Management
297,,,,,,,,,,63740.0,https://www.generationgenius.com/,Generation Genius,"Generation Genius, Inc.",PreK-12,LC - Digital Learning Platforms
298,,,,,,,,,,18090.0,https://minecraft.net/en-us/,Minecraft,Microsoft,PreK-12; Higher Ed,"LC - Sites, Resources & Reference - Games & Simulations"
299,,,,,,,,,,45005.0,https://github.com/,GitHub,GitHub,PreK-12; Higher Ed; Corporate,LC - Content Creation & Curation
300,,,,,,,,,,77713.0,https://www.gale.com/c/testing-and-education-reference-center,Gale Presents: Peterson's Test Prep,Gale Cengage,PreK-12,LC - Study Tools - Test Prep & Study Skills
301,,,,,,,,,,33326.0,https://www.ducksters.com/,Ducksters,"Technological Solutions, Inc. (TSI)",PreK-12,"LC - Sites, Resources & Reference - Games & Simulations"
302,,,,,,,,,,50626.0,https://forms.office.com/,Microsoft Forms,Microsoft Education,PreK-12; Higher Ed; Corporate,CM - Classroom Engagement & Instruction - Assessment & Classroom Response
303,,,,,,,,,,86294.0,https://www.kiddle.co/,Kiddle,Google LLC,PreK-12,"LC - Sites, Resources & Reference - Encyclopedia"
304,,,,,,,,,,90929.0,https://www.gimkit.com/,Gimkit,Gimkit,PreK-12,LC - Digital Learning Platforms
306,,,,,,,,,,28701.0,https://www.luminpdf.com/,Lumin PDF,Nitrolabs Limited,PreK-12; Higher Ed; Corporate,LC/CM/SDO - Other
307,,,,,,,,,,69863.0,https://chrome.google.com/webstore,Chrome Web Store,Google LLC,PreK-12; Higher Ed; Corporate,LC/CM/SDO - Other
308,,,,,,,,,,17920.0,https://beinternetawesome.withgoogle.com/en_us/interland,Interland,Google LLC,PreK-12,"LC - Sites, Resources & Reference"
309,,,,,,,,,,48984.0,https://www.safeschools.com,SafeSchools,Vector Solutions,PreK-12,"SDO - Environmental, Health & Safety (EHS) Compliance"
310,,,,,,,,,,59434.0,https://app.seesaw.me/,Seesaw : The Learning Journal,Seesaw Learning Inc,PreK-12,LC - Content Creation & Curation
312,,,,,,,,,,31956.0,https://apcentral.collegeboard.org,AP Central,The College Board,PreK-12,LC - Study Tools - Test Prep & Study Skills
313,,,,,,,,,,74174.0,http://wakelet.com,Wakelet,Wakelet,PreK-12; Higher Ed; Corporate,"LC - Sites, Resources & Reference"
315,,,,,,,,,,20677.0,https://www.remove.bg,remove.bg,Kaleido AI GmbH,PreK-12; Higher Ed; Corporate,"LC - Sites, Resources & Reference"
316,,,,,,,,,,32032.0,https://www.signupgenius.com/,SignUpGenius,SignUpGenius,PreK-12; Higher Ed; Corporate,CM - Classroom Engagement & Instruction - Classroom Management
317,,,,,,,,,,66838.0,https://www.vooks.com/,Vooks,"Vooks, Inc.",PreK-12,"LC - Sites, Resources & Reference"
318,,,,,,,,,,79652.0,https://www.istockphoto.com/,iStock,iStockphoto LP,PreK-12; Higher Ed; Corporate,LC - Content Creation & Curation
319,,,,,,,,,,29158.0,https://storyworks.scholastic.com,Storyworks,Scholastic Inc,PreK-12,LC - Courseware & Textbooks
320,,,,,,,,,,37373.0,https://www.peardeck.com/googleslides,Pear Deck for Google Slides,GitHub,PreK-12,LC - Digital Learning Platforms
321,,,,,,,,,,12816.0,https://www.turtlediary.com/,Turtle Diary,TurtleDiary LLC,PreK-12,"LC - Sites, Resources & Reference - Games & Simulations"
322,,,,,,,,,,96034.0,http://www.roomrecess.com/,RoomRecess.com,RoomRecess.com,PreK-12,"LC - Sites, Resources & Reference - Games & Simulations"
323,,,,,,,,,,18697.0,https://myap.collegeboard.org/login,College Board AP Classroom,The College Board,PreK-12,LC - Study Tools - Test Prep & Study Skills
324,,,,,,,,,,57084.0,https://www.coolmathgames.com,CoolMath Games,CoolMath.com LLC,PreK-12,"LC - Sites, Resources & Reference - Games & Simulations"
325,,,,,,,,,,64124.0,https://learn.genetics.utah.edu/,Learn.Genetics,The University of Utah ,PreK-12; Higher Ed,"LC - Sites, Resources & Reference"
326,,,,,,,,,,47261.0,https://www.funbrain.com/,Funbrain,"Funbrain Holdings, LLC",PreK-12,"LC - Sites, Resources & Reference"
327,,,,,,,,,,35201.0,https://www.symbolab.com/,Symbolab,EqsQuest Ltd,PreK-12; Higher Ed,LC - Study Tools
328,,,,,,,,,,36620.0,https://www.disneyplus.com/,Disney+,Disney,PreK-12; Higher Ed,"LC - Sites, Resources & Reference - Streaming Services"
329,,,,,,,,,,54110.0,https://www.pandora.com/,Pandora,"Pandora Media, LLC",PreK-12; Higher Ed,"LC - Sites, Resources & Reference - Streaming Services"
330,,,,,,,,,,39623.0,https://www.spanishdict.com/,SpanishDict,Curiosity Media Inc,PreK-12; Higher Ed; Corporate,LC - Study Tools
332,,,,,,,,,,62538.0,https://www.bitmoji.com,Bitmoji,Snap Inc.,PreK-12,LC - Content Creation & Curation
333,,,,,,,,,,71152.0,http://phet.colorado.edu/,PhET Interactive Science Simulations,University of Colorado,PreK-12,"LC - Sites, Resources & Reference - Games & Simulations"
334,,,,,,,,,,55816.0,https://www.adobe.com/creativecloud/buy/education.html,Adobe Creative Cloud for Higher Ed,Adobe Inc,PreK-12; Higher Ed; Corporate,LC - Content Creation & Curation
335,,,,,,,,,,95967.0,https://www.livescience.com,Live Science,Future US Inc,PreK-12,"LC - Sites, Resources & Reference"
336,,,,,,,,,,11910.0,https://www.pewresearch.org/,Pew Research Center,Pew Research Center ,PreK-12; Higher Ed,"LC - Sites, Resources & Reference - Digital Collection & Repository"
337,,,,,,,,,,37948.0,https://www.docusign.com/,DocuSign,DocuSign Inc,PreK-12; Higher Ed; Corporate,SDO - Other
338,,,,,,,,,,30008.0,https://groups.google.com/a/learnplatform.com/forum/#!overview,Google Groups,Google LLC,PreK-12; Higher Ed; Corporate,CM - Classroom Engagement & Instruction - Classroom Management
339,,,,,,,,,,48010.0,https://site.gcntraining.com,GCN Training,Global Compliance Network Inc,PreK-12; Higher Ed; Corporate,LC - Online Course Providers & Technical Skills Development
340,,,,,,,,,,80972.0,https://www.explorelearning.com,ExploreLearning,"ExploreLearning, LLC",PreK-12,"LC - Sites, Resources & Reference - Games & Simulations"
341,,,,,,,,,,99789.0,https://www.evite.com,Evite,Evite,PreK-12; Higher Ed; Corporate,LC - Content Creation & Curation
342,,,,,,,,,,75206.0,https://www.ixl.com,IXL,IXL Learning,PreK-12,LC - Digital Learning Platforms
343,,,,,,,,,,77320.0,https://www.lakeshorelearning.com,Lakeshore,Lakeshore Learning Materials,PreK-12,"LC - Sites, Resources & References - Learning Materials & Supplies"
344,,,,,,,,,,29806.0,https://www.mathworksheets4kids.com,Math Worksheets 4 Kids,Math Worksheets 4 Kids,PreK-12,LC - Study Tools
345,,,,,,,,,,98845.0,https://meet.google.com/_meet,Meet,Google LLC,PreK-12; Higher Ed; Corporate,CM - Virtual Classroom - Video Conferencing & Screen Sharing
346,,,,,,,,,,28467.0,https://www.slidescarnival.com,SlidesCarnival,SlidesCarnival,PreK-12; Higher Ed; Corporate,LC - Content Creation & Curation
347,,,,,,,,,,23644.0,https://www.thoughtco.com,ThoughtCo,DotDash,PreK-12; Higher Ed,"LC - Sites, Resources & Reference"
348,,,,,,,,,,82101.0,https://time.com,Time,"Time USA, LLC ",PreK-12; Higher Ed; Corporate,"LC - Sites, Resources & Reference"
349,,,,,,,,,,70878.0,https://musiclab.chromeexperiments.com/,CHROME MUSIC LAB,Google LLC,PreK-12; Higher Ed,LC - Content Creation & Curation
350,,,,,,,,,,79295.0,https://www.quavermusic.com,QuaverMusic,Quaver Music,PreK-12,LC - Digital Learning Platforms
351,,,,,,,,,,11313.0,http://toytheater.com,Toy Theater,Toy Theater,PreK-12,"LC - Sites, Resources & Reference - Games & Simulations"
353,,,,,,,,,,19750.0,https://whiteboard.fi,Whiteboard.fi,Whiteboard.fi,PreK-12,LC - Content Creation & Curation
355,,,,,,,,,,22767.0,https://apps.apple.com/us/app/zoom-cloud-meetings/id546505307?ign-mpt=uo%3D4,ZOOM Cloud Meetings,"ZOOM VIDEO COMMUNICATIONS, INC.",PreK-12; Higher Ed; Corporate,CM - Virtual Classroom - Video Conferencing & Screen Sharing
357,,,,,,,,,,94218.0,http://www.viewpure.com/,ViewPure,ViewPure,PreK-12,CM - Classroom Engagement & Instruction - Classroom Management
358,,,,,,,,,,98128.0,https://www.blooket.com,Blooket,Blooket LLC,PreK-12,LC - Digital Learning Platforms
359,,,,,,,,,,21650.0,https://www.musictheory.net/,Music Theory,musictheory.net,PreK-12; Higher Ed,LC - Study Tools
360,,,,,,,,,,64581.0,https://hulu.com,Hulu,"Hulu, LLC",PreK-12; Higher Ed,"LC - Sites, Resources & Reference - Streaming Services"
361,,,,,,,,,,83704.0,http://www.investopedia.com,Investopedia,IAC,PreK-12; Higher Ed; Corporate,"LC - Sites, Resources & Reference"
362,,,,,,,,,,70706.0,https://canvas.apps.chrome/,Canvas for Chrome,"Canvas Talent, Inc. ",PreK-12; Higher Ed; Corporate,LC - Content Creation & Curation
363,,,,,,,,,,13282.0,https://www.schoolspecialty.com/,School Specialty,School Specialty Inc,PreK-12,"LC - Sites, Resources & References - Learning Materials & Supplies"
364,,,,,,,,,,24396.0,https://www.mathsisfun.com/,Math is Fun,Mathsisfun.com,PreK-12,"LC - Sites, Resources & Reference"
365,,,,,,,,,,22241.0,https://www.history.com/,History.com," A&E Television Networks, LLC",PreK-12; Higher Ed,"LC - Sites, Resources & Reference"
366,,,,,,,,,,93376.0,https://www.cultofpedagogy.com/,Cult of Pedagogy,Cult of Pedagogy,PreK-12,CM - Teacher Resources - Professional Learning
367,,,,,,,,,,88065.0,https://dochub.com/,DocHub,DocHub,PreK-12; Higher Ed; Corporate,SDO - Other
368,,,,,,,,,,37805.0,http://google.com/slides/about/,Google Slides,Google LLC,PreK-12; Higher Ed; Corporate,LC - Content Creation & Curation
369,,,,,,,,,,32555.0,http://www.innersloth.com/gameAmongUs.php,Among Us,InnerSloth,PreK-12; Higher Ed,"LC - Sites, Resources & Reference - Games & Simulations"
